id,title,text,label
167,BREAKING: Celebrities caught in massive fraud scheme #7,The mainstream media refuses to cover this story. Share before it gets deleted.,1
464,SHOCKING: Government hiding cure for cancer from public #235,"Despite attempts to suppress this information, brave insiders are speaking out about the real agenda.",1
25,Federal Reserve raises interest rates by 25 basis points #461,The announcement follows months of deliberation among experts and stakeholders in the field.,0
444,Central bank governor speaks at annual economic summit #328,Officials confirmed the decision following a meeting of the relevant committee. The measure is expected to take effect next quarter.,0
147,VIRAL: Scientists reveal moon landing was staged #222,Sources close to the matter confirm what many have suspected for years. The establishment does not want you to know this information.,1
319,Central bank governor speaks at annual economic summit #325,Data released by the relevant authority shows a consistent trend over the past five years.,0
405,University researchers develop new battery technology #486,The announcement follows months of deliberation among experts and stakeholders in the field.,0
409,BOMBSHELL: Election rigged by foreign powers confirmed #201,An anonymous whistleblower has come forward with documents proving the shocking truth behind this story.,1
220,Finance minister presents annual budget to legislature #382,"A spokesperson issued a statement clarifying the policy position, adding that further details would be released in due course.",0
367,Parliament passes new infrastructure spending bill #327,Officials confirmed the decision following a meeting of the relevant committee. The measure is expected to take effect next quarter.,0
142,Scientists publish findings on deep-sea biodiversity #479,The announcement follows months of deliberation among experts and stakeholders in the field.,0
363,VIRAL: Scientists reveal moon landing was staged #61,Sources close to the matter confirm what many have suspected for years. The establishment does not want you to know this information.,1
198,REVEALED: Climate change data manipulated by globalists #152,An anonymous whistleblower has come forward with documents proving the shocking truth behind this story.,1
190,University researchers develop new battery technology #493,Officials confirmed the decision following a meeting of the relevant committee. The measure is expected to take effect next quarter.,0
327,EXPOSED: Mainstream media lies about economy #242,Sources close to the matter confirm what many have suspected for years. The establishment does not want you to know this information.,1
339,UNBELIEVABLE: Secret vaccine ingredients finally revealed #95,The mainstream media refuses to cover this story. Share before it gets deleted.,1
71,Parliament passes new infrastructure spending bill #341,The announcement follows months of deliberation among experts and stakeholders in the field.,0
378,EXPOSED: Mainstream media lies about economy #62,Multiple sources confirm this explosive revelation that changes everything we thought we knew.,1
468,University researchers develop new battery technology #459,"The report, published in a peer-reviewed journal, outlines the methodology and findings from a three-year study.",0
398,EXPOSED: Mainstream media lies about economy #236,An anonymous whistleblower has come forward with documents proving the shocking truth behind this story.,1
332,ALERT: Banks planning to steal your savings this weekend #35,An anonymous whistleblower has come forward with documents proving the shocking truth behind this story.,1
255,University researchers develop new battery technology #416,"The report, published in a peer-reviewed journal, outlines the methodology and findings from a three-year study.",0
181,WARNING: New law will ban free speech next month #195,Multiple sources confirm this explosive revelation that changes everything we thought we knew.,1
228,Supreme Court rules on landmark privacy case #286,Data released by the relevant authority shows a consistent trend over the past five years.,0
149,Parliament passes new infrastructure spending bill #426,Officials confirmed the decision following a meeting of the relevant committee. The measure is expected to take effect next quarter.,0
407,Central bank governor speaks at annual economic summit #350,Data released by the relevant authority shows a consistent trend over the past five years.,0
404,Central bank governor speaks at annual economic summit #488,Data released by the relevant authority shows a consistent trend over the past five years.,0
389,ALERT: Banks planning to steal your savings this weekend #40,Sources close to the matter confirm what many have suspected for years. The establishment does not want you to know this information.,1
14,Finance minister presents annual budget to legislature #371,"The report, published in a peer-reviewed journal, outlines the methodology and findings from a three-year study.",0
139,Health ministry confirms decline in seasonal flu cases #265,"The report, published in a peer-reviewed journal, outlines the methodology and findings from a three-year study.",0
53,Parliament passes new infrastructure spending bill #410,Data released by the relevant authority shows a consistent trend over the past five years.,0
114,Supreme Court rules on landmark privacy case #464,Officials confirmed the decision following a meeting of the relevant committee. The measure is expected to take effect next quarter.,0
195,EXPOSED: Mainstream media lies about economy #248,"Despite attempts to suppress this information, brave insiders are speaking out about the real agenda.",1
308,BOMBSHELL: Election rigged by foreign powers confirmed #115,Sources close to the matter confirm what many have suspected for years. The establishment does not want you to know this information.,1
39,EXPOSED: Mainstream media lies about economy #63,Multiple sources confirm this explosive revelation that changes everything we thought we knew.,1
121,UNBELIEVABLE: Secret vaccine ingredients finally revealed #176,Sources close to the matter confirm what many have suspected for years. The establishment does not want you to know this information.,1
133,Federal Reserve raises interest rates by 25 basis points #271,Officials confirmed the decision following a meeting of the relevant committee. The measure is expected to take effect next quarter.,0
57,REVEALED: Climate change data manipulated by globalists #18,An anonymous whistleblower has come forward with documents proving the shocking truth behind this story.,1
278,Federal Reserve raises interest rates by 25 basis points #284,Officials confirmed the decision following a meeting of the relevant committee. The measure is expected to take effect next quarter.,0
230,ALERT: Banks planning to steal your savings this weekend #111,Sources close to the matter confirm what many have suspected for years. The establishment does not want you to know this information.,1
49,UNBELIEVABLE: Secret vaccine ingredients finally revealed #22,An anonymous whistleblower has come forward with documents proving the shocking truth behind this story.,1
325,Health ministry confirms decline in seasonal flu cases #283,The announcement follows months of deliberation among experts and stakeholders in the field.,0
379,SHOCKING: Government hiding cure for cancer from public #135,Sources close to the matter confirm what many have suspected for years. The establishment does not want you to know this information.,1
288,Federal Reserve raises interest rates by 25 basis points #376,"The report, published in a peer-reviewed journal, outlines the methodology and findings from a three-year study.",0
236,Health ministry confirms decline in seasonal flu cases #338,Officials confirmed the decision following a meeting of the relevant committee. The measure is expected to take effect next quarter.,0
7,ALERT: Banks planning to steal your savings this weekend #124,The mainstream media refuses to cover this story. Share before it gets deleted.,1
185,VIRAL: Scientists reveal moon landing was staged #141,The mainstream media refuses to cover this story. Share before it gets deleted.,1
37,WARNING: New law will ban free speech next month #70,The mainstream media refuses to cover this story. Share before it gets deleted.,1
242,Finance minister presents annual budget to legislature #449,Officials confirmed the decision following a meeting of the relevant committee. The measure is expected to take effect next quarter.,0
447,Central bank governor speaks at annual economic summit #306,The announcement follows months of deliberation among experts and stakeholders in the field.,0
61,Federal Reserve raises interest rates by 25 basis points #262,Data released by the relevant authority shows a consistent trend over the past five years.,0
38,BOMBSHELL: Election rigged by foreign powers confirmed #209,Sources close to the matter confirm what many have suspected for years. The establishment does not want you to know this information.,1
469,WARNING: New law will ban free speech next month #160,Multiple sources confirm this explosive revelation that changes everything we thought we knew.,1
322,VIRAL: Scientists reveal moon landing was staged #44,Sources close to the matter confirm what many have suspected for years. The establishment does not want you to know this information.,1
435,Scientists publish findings on deep-sea biodiversity #345,Officials confirmed the decision following a meeting of the relevant committee. The measure is expected to take effect next quarter.,0
127,SHOCKING: Government hiding cure for cancer from public #203,Multiple sources confirm this explosive revelation that changes everything we thought we knew.,1
264,SHOCKING: Government hiding cure for cancer from public #143,The mainstream media refuses to cover this story. Share before it gets deleted.,1
400,SHOCKING: Government hiding cure for cancer from public #212,The mainstream media refuses to cover this story. Share before it gets deleted.,1
432,Agriculture ministry reports record wheat production #339,Data released by the relevant authority shows a consistent trend over the past five years.,0
395,Federal Reserve raises interest rates by 25 basis points #434,Officials confirmed the decision following a meeting of the relevant committee. The measure is expected to take effect next quarter.,0
0,University researchers develop new battery technology #361,Officials confirmed the decision following a meeting of the relevant committee. The measure is expected to take effect next quarter.,0
51,BREAKING: Celebrities caught in massive fraud scheme #182,The mainstream media refuses to cover this story. Share before it gets deleted.,1
31,Federal Reserve raises interest rates by 25 basis points #336,The announcement follows months of deliberation among experts and stakeholders in the field.,0
271,UNBELIEVABLE: Secret vaccine ingredients finally revealed #202,The mainstream media refuses to cover this story. Share before it gets deleted.,1
453,BREAKING: Celebrities caught in massive fraud scheme #50,Sources close to the matter confirm what many have suspected for years. The establishment does not want you to know this information.,1
385,EXCLUSIVE: World leaders caught in underground conspiracy #64,Multiple sources confirm this explosive revelation that changes everything we thought we knew.,1
496,Federal Reserve raises interest rates by 25 basis points #270,The announcement follows months of deliberation among experts and stakeholders in the field.,0
8,BREAKING: Celebrities caught in massive fraud scheme #68,An anonymous whistleblower has come forward with documents proving the shocking truth behind this story.,1
388,BOMBSHELL: Election rigged by foreign powers confirmed #156,An anonymous whistleblower has come forward with documents proving the shocking truth behind this story.,1
265,EXCLUSIVE: World leaders caught in underground conspiracy #239,Sources close to the matter confirm what many have suspected for years. The establishment does not want you to know this information.,1
266,University researchers develop new battery technology #442,"A spokesperson issued a statement clarifying the policy position, adding that further details would be released in due course.",0
131,BREAKING: Celebrities caught in massive fraud scheme #113,An anonymous whistleblower has come forward with documents proving the shocking truth behind this story.,1
375,VIRAL: Scientists reveal moon landing was staged #162,An anonymous whistleblower has come forward with documents proving the shocking truth behind this story.,1
33,BOMBSHELL: Election rigged by foreign powers confirmed #173,Sources close to the matter confirm what many have suspected for years. The establishment does not want you to know this information.,1
489,Central bank governor speaks at annual economic summit #466,"A spokesperson issued a statement clarifying the policy position, adding that further details would be released in due course.",0
344,UNBELIEVABLE: Secret vaccine ingredients finally revealed #178,The mainstream media refuses to cover this story. Share before it gets deleted.,1
323,Scientists publish findings on deep-sea biodiversity #460,Data released by the relevant authority shows a consistent trend over the past five years.,0
306,Agriculture ministry reports record wheat production #258,Data released by the relevant authority shows a consistent trend over the past five years.,0
143,VIRAL: Scientists reveal moon landing was staged #94,An anonymous whistleblower has come forward with documents proving the shocking truth behind this story.,1
364,REVEALED: Climate change data manipulated by globalists #47,The mainstream media refuses to cover this story. Share before it gets deleted.,1
96,EXCLUSIVE: World leaders caught in underground conspiracy #86,An anonymous whistleblower has come forward with documents proving the shocking truth behind this story.,1
98,University researchers develop new battery technology #438,"A spokesperson issued a statement clarifying the policy position, adding that further details would be released in due course.",0
490,REVEALED: Climate change data manipulated by globalists #121,"Despite attempts to suppress this information, brave insiders are speaking out about the real agenda.",1
77,REVEALED: Climate change data manipulated by globalists #69,Multiple sources confirm this explosive revelation that changes everything we thought we knew.,1
29,Supreme Court rules on landmark privacy case #334,"A spokesperson issued a statement clarifying the policy position, adding that further details would be released in due course.",0
210,Central bank governor speaks at annual economic summit #250,"A spokesperson issued a statement clarifying the policy position, adding that further details would be released in due course.",0
480,BREAKING: Celebrities caught in massive fraud scheme #130,"Despite attempts to suppress this information, brave insiders are speaking out about the real agenda.",1
62,Central bank governor speaks at annual economic summit #323,"A spokesperson issued a statement clarifying the policy position, adding that further details would be released in due course.",0
372,ALERT: Banks planning to steal your savings this weekend #230,The mainstream media refuses to cover this story. Share before it gets deleted.,1
466,REVEALED: Climate change data manipulated by globalists #21,An anonymous whistleblower has come forward with documents proving the shocking truth behind this story.,1
424,Supreme Court rules on landmark privacy case #419,The announcement follows months of deliberation among experts and stakeholders in the field.,0
78,Central bank governor speaks at annual economic summit #455,"A spokesperson issued a statement clarifying the policy position, adding that further details would be released in due course.",0
334,EXCLUSIVE: World leaders caught in underground conspiracy #170,"Despite attempts to suppress this information, brave insiders are speaking out about the real agenda.",1
41,SHOCKING: Government hiding cure for cancer from public #93,Sources close to the matter confirm what many have suspected for years. The establishment does not want you to know this information.,1
217,BOMBSHELL: Election rigged by foreign powers confirmed #225,An anonymous whistleblower has come forward with documents proving the shocking truth behind this story.,1
163,EXPOSED: Mainstream media lies about economy #29,Multiple sources confirm this explosive revelation that changes everything we thought we knew.,1
56,VIRAL: Scientists reveal moon landing was staged #148,The mainstream media refuses to cover this story. Share before it gets deleted.,1
397,Central bank governor speaks at annual economic summit #337,"A spokesperson issued a statement clarifying the policy position, adding that further details would be released in due course.",0
119,VIRAL: Scientists reveal moon landing was staged #42,Sources close to the matter confirm what many have suspected for years. The establishment does not want you to know this information.,1
253,UNBELIEVABLE: Secret vaccine ingredients finally revealed #198,Sources close to the matter confirm what many have suspected for years. The establishment does not want you to know this information.,1
481,VIRAL: Scientists reveal moon landing was staged #151,An anonymous whistleblower has come forward with documents proving the shocking truth behind this story.,1
170,REVEALED: Climate change data manipulated by globalists #37,Multiple sources confirm this explosive revelation that changes everything we thought we knew.,1
202,EXPOSED: Mainstream media lies about economy #245,The mainstream media refuses to cover this story. Share before it gets deleted.,1
12,Central bank governor speaks at annual economic summit #406,Data released by the relevant authority shows a consistent trend over the past five years.,0
186,Parliament passes new infrastructure spending bill #365,Data released by the relevant authority shows a consistent trend over the past five years.,0
79,Federal Reserve raises interest rates by 25 basis points #465,Data released by the relevant authority shows a consistent trend over the past five years.,0
69,Federal Reserve raises interest rates by 25 basis points #391,"The report, published in a peer-reviewed journal, outlines the methodology and findings from a three-year study.",0
64,SHOCKING: Government hiding cure for cancer from public #79,"Despite attempts to suppress this information, brave insiders are speaking out about the real agenda.",1
259,Finance minister presents annual budget to legislature #447,The announcement follows months of deliberation among experts and stakeholders in the field.,0
36,Agriculture ministry reports record wheat production #409,"A spokesperson issued a statement clarifying the policy position, adding that further details would be released in due course.",0
24,REVEALED: Climate change data manipulated by globalists #76,"Despite attempts to suppress this information, brave insiders are speaking out about the real agenda.",1
431,BREAKING: Celebrities caught in massive fraud scheme #91,The mainstream media refuses to cover this story. Share before it gets deleted.,1
213,Scientists publish findings on deep-sea biodiversity #299,"The report, published in a peer-reviewed journal, outlines the methodology and findings from a three-year study.",0
140,EXCLUSIVE: World leaders caught in underground conspiracy #66,"Despite attempts to suppress this information, brave insiders are speaking out about the real agenda.",1
401,Agriculture ministry reports record wheat production #295,Officials confirmed the decision following a meeting of the relevant committee. The measure is expected to take effect next quarter.,0
113,ALERT: Banks planning to steal your savings this weekend #25,"Despite attempts to suppress this information, brave insiders are speaking out about the real agenda.",1
164,WHO releases updated guidelines on respiratory infections #437,Data released by the relevant authority shows a consistent trend over the past five years.,0
232,Federal Reserve raises interest rates by 25 basis points #436,Data released by the relevant authority shows a consistent trend over the past five years.,0
151,EXPOSED: Mainstream media lies about economy #116,The mainstream media refuses to cover this story. Share before it gets deleted.,1
9,WHO releases updated guidelines on respiratory infections #450,"A spokesperson issued a statement clarifying the policy position, adding that further details would be released in due course.",0
313,Supreme Court rules on landmark privacy case #397,"The report, published in a peer-reviewed journal, outlines the methodology and findings from a three-year study.",0
180,Finance minister presents annual budget to legislature #390,Officials confirmed the decision following a meeting of the relevant committee. The measure is expected to take effect next quarter.,0
494,EXPOSED: Mainstream media lies about economy #71,"Despite attempts to suppress this information, brave insiders are speaking out about the real agenda.",1
179,Supreme Court rules on landmark privacy case #369,Officials confirmed the decision following a meeting of the relevant committee. The measure is expected to take effect next quarter.,0
402,Supreme Court rules on landmark privacy case #457,"A spokesperson issued a statement clarifying the policy position, adding that further details would be released in due course.",0
291,Central bank governor speaks at annual economic summit #294,"A spokesperson issued a statement clarifying the policy position, adding that further details would be released in due course.",0
136,ALERT: Banks planning to steal your savings this weekend #192,Multiple sources confirm this explosive revelation that changes everything we thought we knew.,1
65,EXCLUSIVE: World leaders caught in underground conspiracy #39,Sources close to the matter confirm what many have suspected for years. The establishment does not want you to know this information.,1
343,University researchers develop new battery technology #378,Officials confirmed the decision following a meeting of the relevant committee. The measure is expected to take effect next quarter.,0
166,SHOCKING: Government hiding cure for cancer from public #26,The mainstream media refuses to cover this story. Share before it gets deleted.,1
458,Central bank governor speaks at annual economic summit #496,Data released by the relevant authority shows a consistent trend over the past five years.,0
482,Supreme Court rules on landmark privacy case #359,The announcement follows months of deliberation among experts and stakeholders in the field.,0
107,BREAKING: Celebrities caught in massive fraud scheme #229,Multiple sources confirm this explosive revelation that changes everything we thought we knew.,1
348,EXPOSED: Mainstream media lies about economy #206,An anonymous whistleblower has come forward with documents proving the shocking truth behind this story.,1
224,SHOCKING: Government hiding cure for cancer from public #139,The mainstream media refuses to cover this story. Share before it gets deleted.,1
330,REVEALED: Climate change data manipulated by globalists #159,"Despite attempts to suppress this information, brave insiders are speaking out about the real agenda.",1
75,Supreme Court rules on landmark privacy case #304,Officials confirmed the decision following a meeting of the relevant committee. The measure is expected to take effect next quarter.,0
497,Agriculture ministry reports record wheat production #348,"The report, published in a peer-reviewed journal, outlines the methodology and findings from a three-year study.",0
429,Supreme Court rules on landmark privacy case #427,"The report, published in a peer-reviewed journal, outlines the methodology and findings from a three-year study.",0
425,BOMBSHELL: Election rigged by foreign powers confirmed #80,The mainstream media refuses to cover this story. Share before it gets deleted.,1
362,SHOCKING: Government hiding cure for cancer from public #215,Sources close to the matter confirm what many have suspected for years. The establishment does not want you to know this information.,1
318,Central bank governor speaks at annual economic summit #370,Officials confirmed the decision following a meeting of the relevant committee. The measure is expected to take effect next quarter.,0
374,Central bank governor speaks at annual economic summit #288,Data released by the relevant authority shows a consistent trend over the past five years.,0
483,SHOCKING: Government hiding cure for cancer from public #99,Multiple sources confirm this explosive revelation that changes everything we thought we knew.,1
442,Supreme Court rules on landmark privacy case #273,The announcement follows months of deliberation among experts and stakeholders in the field.,0
70,University researchers develop new battery technology #352,Officials confirmed the decision following a meeting of the relevant committee. The measure is expected to take effect next quarter.,0
336,University researchers develop new battery technology #398,Officials confirmed the decision following a meeting of the relevant committee. The measure is expected to take effect next quarter.,0
175,WARNING: New law will ban free speech next month #175,"Despite attempts to suppress this information, brave insiders are speaking out about the real agenda.",1
276,WHO releases updated guidelines on respiratory infections #386,"The report, published in a peer-reviewed journal, outlines the methodology and findings from a three-year study.",0
246,ALERT: Banks planning to steal your savings this weekend #81,"Despite attempts to suppress this information, brave insiders are speaking out about the real agenda.",1
297,Scientists publish findings on deep-sea biodiversity #432,Officials confirmed the decision following a meeting of the relevant committee. The measure is expected to take effect next quarter.,0
262,Supreme Court rules on landmark privacy case #368,Data released by the relevant authority shows a consistent trend over the past five years.,0
396,WHO releases updated guidelines on respiratory infections #430,Data released by the relevant authority shows a consistent trend over the past five years.,0
148,Finance minister presents annual budget to legislature #261,The announcement follows months of deliberation among experts and stakeholders in the field.,0
384,Scientists publish findings on deep-sea biodiversity #463,Data released by the relevant authority shows a consistent trend over the past five years.,0
479,SHOCKING: Government hiding cure for cancer from public #149,The mainstream media refuses to cover this story. Share before it gets deleted.,1
240,Scientists publish findings on deep-sea biodiversity #393,Officials confirmed the decision following a meeting of the relevant committee. The measure is expected to take effect next quarter.,0
156,VIRAL: Scientists reveal moon landing was staged #3,"Despite attempts to suppress this information, brave insiders are speaking out about the real agenda.",1
420,ALERT: Banks planning to steal your savings this weekend #1,Multiple sources confirm this explosive revelation that changes everything we thought we knew.,1
97,REVEALED: Climate change data manipulated by globalists #75,The mainstream media refuses to cover this story. Share before it gets deleted.,1
311,BOMBSHELL: Election rigged by foreign powers confirmed #224,An anonymous whistleblower has come forward with documents proving the shocking truth behind this story.,1
373,Health ministry confirms decline in seasonal flu cases #260,"The report, published in a peer-reviewed journal, outlines the methodology and findings from a three-year study.",0
282,Central bank governor speaks at annual economic summit #418,"The report, published in a peer-reviewed journal, outlines the methodology and findings from a three-year study.",0
28,WARNING: New law will ban free speech next month #101,"Despite attempts to suppress this information, brave insiders are speaking out about the real agenda.",1
73,Parliament passes new infrastructure spending bill #290,"A spokesperson issued a statement clarifying the policy position, adding that further details would be released in due course.",0
492,BREAKING: Celebrities caught in massive fraud scheme #20,An anonymous whistleblower has come forward with documents proving the shocking truth behind this story.,1
124,REVEALED: Climate change data manipulated by globalists #231,Multiple sources confirm this explosive revelation that changes everything we thought we knew.,1
193,Scientists publish findings on deep-sea biodiversity #272,The announcement follows months of deliberation among experts and stakeholders in the field.,0
356,VIRAL: Scientists reveal moon landing was staged #226,Sources close to the matter confirm what many have suspected for years. The establishment does not want you to know this information.,1
103,Federal Reserve raises interest rates by 25 basis points #322,Data released by the relevant authority shows a consistent trend over the past five years.,0
346,Supreme Court rules on landmark privacy case #498,Officials confirmed the decision following a meeting of the relevant committee. The measure is expected to take effect next quarter.,0
129,Federal Reserve raises interest rates by 25 basis points #329,"A spokesperson issued a statement clarifying the policy position, adding that further details would be released in due course.",0
248,WHO releases updated guidelines on respiratory infections #314,Officials confirmed the decision following a meeting of the relevant committee. The measure is expected to take effect next quarter.,0
88,Central bank governor speaks at annual economic summit #312,Officials confirmed the decision following a meeting of the relevant committee. The measure is expected to take effect next quarter.,0
349,Parliament passes new infrastructure spending bill #282,Data released by the relevant authority shows a consistent trend over the past five years.,0
406,Scientists publish findings on deep-sea biodiversity #303,"A spokesperson issued a statement clarifying the policy position, adding that further details would be released in due course.",0
159,BOMBSHELL: Election rigged by foreign powers confirmed #60,The mainstream media refuses to cover this story. Share before it gets deleted.,1
258,SHOCKING: Government hiding cure for cancer from public #147,Multiple sources confirm this explosive revelation that changes everything we thought we knew.,1
459,UNBELIEVABLE: Secret vaccine ingredients finally revealed #187,Sources close to the matter confirm what many have suspected for years. The establishment does not want you to know this information.,1
45,EXCLUSIVE: World leaders caught in underground conspiracy #77,"Despite attempts to suppress this information, brave insiders are speaking out about the real agenda.",1
89,WHO releases updated guidelines on respiratory infections #278,The announcement follows months of deliberation among experts and stakeholders in the field.,0
440,UNBELIEVABLE: Secret vaccine ingredients finally revealed #88,Sources close to the matter confirm what many have suspected for years. The establishment does not want you to know this information.,1
249,ALERT: Banks planning to steal your savings this weekend #167,The mainstream media refuses to cover this story. Share before it gets deleted.,1
252,University researchers develop new battery technology #474,Data released by the relevant authority shows a consistent trend over the past five years.,0
132,Finance minister presents annual budget to legislature #470,Officials confirmed the decision following a meeting of the relevant committee. The measure is expected to take effect next quarter.,0
218,Finance minister presents annual budget to legislature #353,Officials confirmed the decision following a meeting of the relevant committee. The measure is expected to take effect next quarter.,0
337,WHO releases updated guidelines on respiratory infections #342,"The report, published in a peer-reviewed journal, outlines the methodology and findings from a three-year study.",0
55,VIRAL: Scientists reveal moon landing was staged #55,Multiple sources confirm this explosive revelation that changes everything we thought we knew.,1
206,BOMBSHELL: Election rigged by foreign powers confirmed #228,Multiple sources confirm this explosive revelation that changes everything we thought we knew.,1
104,University researchers develop new battery technology #332,"The report, published in a peer-reviewed journal, outlines the methodology and findings from a three-year study.",0
231,ALERT: Banks planning to steal your savings this weekend #89,Sources close to the matter confirm what many have suspected for years. The establishment does not want you to know this information.,1
13,SHOCKING: Government hiding cure for cancer from public #84,An anonymous whistleblower has come forward with documents proving the shocking truth behind this story.,1
26,Finance minister presents annual budget to legislature #497,The announcement follows months of deliberation among experts and stakeholders in the field.,0
117,SHOCKING: Government hiding cure for cancer from public #237,Multiple sources confirm this explosive revelation that changes everything we thought we knew.,1
40,Agriculture ministry reports record wheat production #384,"A spokesperson issued a statement clarifying the policy position, adding that further details would be released in due course.",0
76,Central bank governor speaks at annual economic summit #268,"A spokesperson issued a statement clarifying the policy position, adding that further details would be released in due course.",0
205,UNBELIEVABLE: Secret vaccine ingredients finally revealed #199,Sources close to the matter confirm what many have suspected for years. The establishment does not want you to know this information.,1
414,SHOCKING: Government hiding cure for cancer from public #190,An anonymous whistleblower has come forward with documents proving the shocking truth behind this story.,1
257,Health ministry confirms decline in seasonal flu cases #392,Officials confirmed the decision following a meeting of the relevant committee. The measure is expected to take effect next quarter.,0
10,UNBELIEVABLE: Secret vaccine ingredients finally revealed #9,Sources close to the matter confirm what many have suspected for years. The establishment does not want you to know this information.,1
250,Finance minister presents annual budget to legislature #469,Data released by the relevant authority shows a consistent trend over the past five years.,0
418,ALERT: Banks planning to steal your savings this weekend #53,"Despite attempts to suppress this information, brave insiders are speaking out about the real agenda.",1
19,University researchers develop new battery technology #408,Officials confirmed the decision following a meeting of the relevant committee. The measure is expected to take effect next quarter.,0
135,UNBELIEVABLE: Secret vaccine ingredients finally revealed #57,An anonymous whistleblower has come forward with documents proving the shocking truth behind this story.,1
463,Parliament passes new infrastructure spending bill #344,"The report, published in a peer-reviewed journal, outlines the methodology and findings from a three-year study.",0
460,BREAKING: Celebrities caught in massive fraud scheme #169,An anonymous whistleblower has come forward with documents proving the shocking truth behind this story.,1
493,UNBELIEVABLE: Secret vaccine ingredients finally revealed #188,Sources close to the matter confirm what many have suspected for years. The establishment does not want you to know this information.,1
54,UNBELIEVABLE: Secret vaccine ingredients finally revealed #193,Sources close to the matter confirm what many have suspected for years. The establishment does not want you to know this information.,1
261,EXPOSED: Mainstream media lies about economy #123,Sources close to the matter confirm what many have suspected for years. The establishment does not want you to know this information.,1
21,Finance minister presents annual budget to legislature #491,Officials confirmed the decision following a meeting of the relevant committee. The measure is expected to take effect next quarter.,0
226,VIRAL: Scientists reveal moon landing was staged #244,Sources close to the matter confirm what many have suspected for years. The establishment does not want you to know this information.,1
381,Scientists publish findings on deep-sea biodiversity #476,The announcement follows months of deliberation among experts and stakeholders in the field.,0
173,SHOCKING: Government hiding cure for cancer from public #118,The mainstream media refuses to cover this story. Share before it gets deleted.,1
310,Parliament passes new infrastructure spending bill #349,Officials confirmed the decision following a meeting of the relevant committee. The measure is expected to take effect next quarter.,0
423,ALERT: Banks planning to steal your savings this weekend #49,The mainstream media refuses to cover this story. Share before it gets deleted.,1
307,REVEALED: Climate change data manipulated by globalists #232,The mainstream media refuses to cover this story. Share before it gets deleted.,1
200,Agriculture ministry reports record wheat production #467,Officials confirmed the decision following a meeting of the relevant committee. The measure is expected to take effect next quarter.,0
415,Parliament passes new infrastructure spending bill #309,Data released by the relevant authority shows a consistent trend over the past five years.,0
281,BOMBSHELL: Election rigged by foreign powers confirmed #223,Multiple sources confirm this explosive revelation that changes everything we thought we knew.,1
174,VIRAL: Scientists reveal moon landing was staged #114,The mainstream media refuses to cover this story. Share before it gets deleted.,1
46,EXCLUSIVE: World leaders caught in underground conspiracy #0,The mainstream media refuses to cover this story. Share before it gets deleted.,1
177,EXCLUSIVE: World leaders caught in underground conspiracy #181,The mainstream media refuses to cover this story. Share before it gets deleted.,1
150,EXPOSED: Mainstream media lies about economy #5,"Despite attempts to suppress this information, brave insiders are speaking out about the real agenda.",1
130,BREAKING: Celebrities caught in massive fraud scheme #31,An anonymous whistleblower has come forward with documents proving the shocking truth behind this story.,1
359,REVEALED: Climate change data manipulated by globalists #171,An anonymous whistleblower has come forward with documents proving the shocking truth behind this story.,1
209,Agriculture ministry reports record wheat production #358,"A spokesperson issued a statement clarifying the policy position, adding that further details would be released in due course.",0
256,ALERT: Banks planning to steal your savings this weekend #146,Multiple sources confirm this explosive revelation that changes everything we thought we knew.,1
251,Finance minister presents annual budget to legislature #296,The announcement follows months of deliberation among experts and stakeholders in the field.,0
427,BREAKING: Celebrities caught in massive fraud scheme #34,Multiple sources confirm this explosive revelation that changes everything we thought we knew.,1
138,EXCLUSIVE: World leaders caught in underground conspiracy #17,Multiple sources confirm this explosive revelation that changes everything we thought we knew.,1
376,Scientists publish findings on deep-sea biodiversity #425,Data released by the relevant authority shows a consistent trend over the past five years.,0
286,Central bank governor speaks at annual economic summit #289,The announcement follows months of deliberation among experts and stakeholders in the field.,0
478,Supreme Court rules on landmark privacy case #308,"The report, published in a peer-reviewed journal, outlines the methodology and findings from a three-year study.",0
353,Finance minister presents annual budget to legislature #256,"The report, published in a peer-reviewed journal, outlines the methodology and findings from a three-year study.",0
304,VIRAL: Scientists reveal moon landing was staged #136,Multiple sources confirm this explosive revelation that changes everything we thought we knew.,1
99,REVEALED: Climate change data manipulated by globalists #15,"Despite attempts to suppress this information, brave insiders are speaking out about the real agenda.",1
34,UNBELIEVABLE: Secret vaccine ingredients finally revealed #2,An anonymous whistleblower has come forward with documents proving the shocking truth behind this story.,1
191,Supreme Court rules on landmark privacy case #375,"A spokesperson issued a statement clarifying the policy position, adding that further details would be released in due course.",0
42,Health ministry confirms decline in seasonal flu cases #485,Officials confirmed the decision following a meeting of the relevant committee. The measure is expected to take effect next quarter.,0
160,ALERT: Banks planning to steal your savings this weekend #110,An anonymous whistleblower has come forward with documents proving the shocking truth behind this story.,1
382,WARNING: New law will ban free speech next month #8,An anonymous whistleblower has come forward with documents proving the shocking truth behind this story.,1
223,EXCLUSIVE: World leaders caught in underground conspiracy #196,"Despite attempts to suppress this information, brave insiders are speaking out about the real agenda.",1
128,WARNING: New law will ban free speech next month #126,The mainstream media refuses to cover this story. Share before it gets deleted.,1
153,UNBELIEVABLE: Secret vaccine ingredients finally revealed #16,"Despite attempts to suppress this information, brave insiders are speaking out about the real agenda.",1
393,VIRAL: Scientists reveal moon landing was staged #216,"Despite attempts to suppress this information, brave insiders are speaking out about the real agenda.",1
161,Federal Reserve raises interest rates by 25 basis points #318,"The report, published in a peer-reviewed journal, outlines the methodology and findings from a three-year study.",0
182,Supreme Court rules on landmark privacy case #404,Data released by the relevant authority shows a consistent trend over the past five years.,0
144,Central bank governor speaks at annual economic summit #253,Officials confirmed the decision following a meeting of the relevant committee. The measure is expected to take effect next quarter.,0
296,Parliament passes new infrastructure spending bill #307,Data released by the relevant authority shows a consistent trend over the past five years.,0
470,Finance minister presents annual budget to legislature #276,"The report, published in a peer-reviewed journal, outlines the methodology and findings from a three-year study.",0
241,SHOCKING: Government hiding cure for cancer from public #184,"Despite attempts to suppress this information, brave insiders are speaking out about the real agenda.",1
365,EXPOSED: Mainstream media lies about economy #32,The mainstream media refuses to cover this story. Share before it gets deleted.,1
100,BOMBSHELL: Election rigged by foreign powers confirmed #249,Multiple sources confirm this explosive revelation that changes everything we thought we knew.,1
219,REVEALED: Climate change data manipulated by globalists #234,"Despite attempts to suppress this information, brave insiders are speaking out about the real agenda.",1
203,EXPOSED: Mainstream media lies about economy #165,Multiple sources confirm this explosive revelation that changes everything we thought we knew.,1
487,Scientists publish findings on deep-sea biodiversity #330,Officials confirmed the decision following a meeting of the relevant committee. The measure is expected to take effect next quarter.,0
5,Scientists publish findings on deep-sea biodiversity #394,"The report, published in a peer-reviewed journal, outlines the methodology and findings from a three-year study.",0
22,University researchers develop new battery technology #280,Data released by the relevant authority shows a consistent trend over the past five years.,0
294,REVEALED: Climate change data manipulated by globalists #112,Sources close to the matter confirm what many have suspected for years. The establishment does not want you to know this information.,1
290,WHO releases updated guidelines on respiratory infections #355,Data released by the relevant authority shows a consistent trend over the past five years.,0
416,WHO releases updated guidelines on respiratory infections #259,The announcement follows months of deliberation among experts and stakeholders in the field.,0
312,Finance minister presents annual budget to legislature #402,"The report, published in a peer-reviewed journal, outlines the methodology and findings from a three-year study.",0
341,VIRAL: Scientists reveal moon landing was staged #240,Sources close to the matter confirm what many have suspected for years. The establishment does not want you to know this information.,1
196,REVEALED: Climate change data manipulated by globalists #145,Multiple sources confirm this explosive revelation that changes everything we thought we knew.,1
109,SHOCKING: Government hiding cure for cancer from public #132,The mainstream media refuses to cover this story. Share before it gets deleted.,1
446,EXPOSED: Mainstream media lies about economy #134,"Despite attempts to suppress this information, brave insiders are speaking out about the real agenda.",1
277,Parliament passes new infrastructure spending bill #395,Officials confirmed the decision following a meeting of the relevant committee. The measure is expected to take effect next quarter.,0
357,Central bank governor speaks at annual economic summit #429,"The report, published in a peer-reviewed journal, outlines the methodology and findings from a three-year study.",0
263,BOMBSHELL: Election rigged by foreign powers confirmed #96,The mainstream media refuses to cover this story. Share before it gets deleted.,1
47,REVEALED: Climate change data manipulated by globalists #11,Sources close to the matter confirm what many have suspected for years. The establishment does not want you to know this information.,1
141,BOMBSHELL: Election rigged by foreign powers confirmed #208,"Despite attempts to suppress this information, brave insiders are speaking out about the real agenda.",1
66,Supreme Court rules on landmark privacy case #451,Officials confirmed the decision following a meeting of the relevant committee. The measure is expected to take effect next quarter.,0
84,Agriculture ministry reports record wheat production #321,The announcement follows months of deliberation among experts and stakeholders in the field.,0
15,Parliament passes new infrastructure spending bill #388,Officials confirmed the decision following a meeting of the relevant committee. The measure is expected to take effect next quarter.,0
309,EXCLUSIVE: World leaders caught in underground conspiracy #120,Sources close to the matter confirm what many have suspected for years. The establishment does not want you to know this information.,1
471,Health ministry confirms decline in seasonal flu cases #443,Data released by the relevant authority shows a consistent trend over the past five years.,0
287,Parliament passes new infrastructure spending bill #444,Data released by the relevant authority shows a consistent trend over the past five years.,0
352,ALERT: Banks planning to steal your savings this weekend #4,Multiple sources confirm this explosive revelation that changes everything we thought we knew.,1
280,Central bank governor speaks at annual economic summit #302,Officials confirmed the decision following a meeting of the relevant committee. The measure is expected to take effect next quarter.,0
60,Supreme Court rules on landmark privacy case #494,"A spokesperson issued a statement clarifying the policy position, adding that further details would be released in due course.",0
392,University researchers develop new battery technology #403,"A spokesperson issued a statement clarifying the policy position, adding that further details would be released in due course.",0
63,Finance minister presents annual budget to legislature #483,Data released by the relevant authority shows a consistent trend over the past five years.,0
235,Supreme Court rules on landmark privacy case #346,Officials confirmed the decision following a meeting of the relevant committee. The measure is expected to take effect next quarter.,0
275,Scientists publish findings on deep-sea biodiversity #351,"The report, published in a peer-reviewed journal, outlines the methodology and findings from a three-year study.",0
67,EXCLUSIVE: World leaders caught in underground conspiracy #46,An anonymous whistleblower has come forward with documents proving the shocking truth behind this story.,1
335,VIRAL: Scientists reveal moon landing was staged #142,Sources close to the matter confirm what many have suspected for years. The establishment does not want you to know this information.,1
6,Scientists publish findings on deep-sea biodiversity #377,Officials confirmed the decision following a meeting of the relevant committee. The measure is expected to take effect next quarter.,0
279,SHOCKING: Government hiding cure for cancer from public #125,The mainstream media refuses to cover this story. Share before it gets deleted.,1
292,WHO releases updated guidelines on respiratory infections #396,The announcement follows months of deliberation among experts and stakeholders in the field.,0
456,Central bank governor speaks at annual economic summit #445,Data released by the relevant authority shows a consistent trend over the past five years.,0
403,Health ministry confirms decline in seasonal flu cases #251,The announcement follows months of deliberation among experts and stakeholders in the field.,0
333,BREAKING: Celebrities caught in massive fraud scheme #28,An anonymous whistleblower has come forward with documents proving the shocking truth behind this story.,1
204,REVEALED: Climate change data manipulated by globalists #163,Multiple sources confirm this explosive revelation that changes everything we thought we knew.,1
155,Parliament passes new infrastructure spending bill #357,Officials confirmed the decision following a meeting of the relevant committee. The measure is expected to take effect next quarter.,0
18,Health ministry confirms decline in seasonal flu cases #316,"A spokesperson issued a statement clarifying the policy position, adding that further details would be released in due course.",0
450,WARNING: New law will ban free speech next month #243,Multiple sources confirm this explosive revelation that changes everything we thought we knew.,1
269,VIRAL: Scientists reveal moon landing was staged #122,"Despite attempts to suppress this information, brave insiders are speaking out about the real agenda.",1
268,Supreme Court rules on landmark privacy case #407,The announcement follows months of deliberation among experts and stakeholders in the field.,0
4,VIRAL: Scientists reveal moon landing was staged #104,The mainstream media refuses to cover this story. Share before it gets deleted.,1
412,UNBELIEVABLE: Secret vaccine ingredients finally revealed #217,The mainstream media refuses to cover this story. Share before it gets deleted.,1
52,REVEALED: Climate change data manipulated by globalists #131,The mainstream media refuses to cover this story. Share before it gets deleted.,1
59,REVEALED: Climate change data manipulated by globalists #78,Multiple sources confirm this explosive revelation that changes everything we thought we knew.,1
20,Federal Reserve raises interest rates by 25 basis points #490,The announcement follows months of deliberation among experts and stakeholders in the field.,0
300,Federal Reserve raises interest rates by 25 basis points #422,The announcement follows months of deliberation among experts and stakeholders in the field.,0
340,EXCLUSIVE: World leaders caught in underground conspiracy #51,Multiple sources confirm this explosive revelation that changes everything we thought we knew.,1
176,Health ministry confirms decline in seasonal flu cases #373,"The report, published in a peer-reviewed journal, outlines the methodology and findings from a three-year study.",0
208,Parliament passes new infrastructure spending bill #478,"A spokesperson issued a statement clarifying the policy position, adding that further details would be released in due course.",0
419,Agriculture ministry reports record wheat production #389,Data released by the relevant authority shows a consistent trend over the past five years.,0
162,University researchers develop new battery technology #428,"The report, published in a peer-reviewed journal, outlines the methodology and findings from a three-year study.",0
371,Supreme Court rules on landmark privacy case #424,Data released by the relevant authority shows a consistent trend over the past five years.,0
439,Central bank governor speaks at annual economic summit #315,"The report, published in a peer-reviewed journal, outlines the methodology and findings from a three-year study.",0
86,EXPOSED: Mainstream media lies about economy #180,"Despite attempts to suppress this information, brave insiders are speaking out about the real agenda.",1
178,UNBELIEVABLE: Secret vaccine ingredients finally revealed #144,"Despite attempts to suppress this information, brave insiders are speaking out about the real agenda.",1
476,WHO releases updated guidelines on respiratory infections #343,"The report, published in a peer-reviewed journal, outlines the methodology and findings from a three-year study.",0
361,WHO releases updated guidelines on respiratory infections #292,Officials confirmed the decision following a meeting of the relevant committee. The measure is expected to take effect next quarter.,0
437,SHOCKING: Government hiding cure for cancer from public #241,Sources close to the matter confirm what many have suspected for years. The establishment does not want you to know this information.,1
351,Scientists publish findings on deep-sea biodiversity #412,The announcement follows months of deliberation among experts and stakeholders in the field.,0
115,Health ministry confirms decline in seasonal flu cases #281,Officials confirmed the decision following a meeting of the relevant committee. The measure is expected to take effect next quarter.,0
452,WHO releases updated guidelines on respiratory infections #363,Data released by the relevant authority shows a consistent trend over the past five years.,0
239,ALERT: Banks planning to steal your savings this weekend #177,Multiple sources confirm this explosive revelation that changes everything we thought we knew.,1
355,EXPOSED: Mainstream media lies about economy #100,An anonymous whistleblower has come forward with documents proving the shocking truth behind this story.,1
125,EXCLUSIVE: World leaders caught in underground conspiracy #227,The mainstream media refuses to cover this story. Share before it gets deleted.,1
81,WARNING: New law will ban free speech next month #82,Sources close to the matter confirm what many have suspected for years. The establishment does not want you to know this information.,1
172,University researchers develop new battery technology #489,"The report, published in a peer-reviewed journal, outlines the methodology and findings from a three-year study.",0
169,EXCLUSIVE: World leaders caught in underground conspiracy #108,The mainstream media refuses to cover this story. Share before it gets deleted.,1
214,Central bank governor speaks at annual economic summit #255,"The report, published in a peer-reviewed journal, outlines the methodology and findings from a three-year study.",0
237,ALERT: Banks planning to steal your savings this weekend #158,Sources close to the matter confirm what many have suspected for years. The establishment does not want you to know this information.,1
366,Central bank governor speaks at annual economic summit #267,Data released by the relevant authority shows a consistent trend over the past five years.,0
448,Finance minister presents annual budget to legislature #480,"A spokesperson issued a statement clarifying the policy position, adding that further details would be released in due course.",0
120,BREAKING: Celebrities caught in massive fraud scheme #220,Multiple sources confirm this explosive revelation that changes everything we thought we knew.,1
467,Supreme Court rules on landmark privacy case #313,Officials confirmed the decision following a meeting of the relevant committee. The measure is expected to take effect next quarter.,0
315,University researchers develop new battery technology #285,Officials confirmed the decision following a meeting of the relevant committee. The measure is expected to take effect next quarter.,0
189,VIRAL: Scientists reveal moon landing was staged #168,The mainstream media refuses to cover this story. Share before it gets deleted.,1
472,WARNING: New law will ban free speech next month #191,Sources close to the matter confirm what many have suspected for years. The establishment does not want you to know this information.,1
105,VIRAL: Scientists reveal moon landing was staged #56,Sources close to the matter confirm what many have suspected for years. The establishment does not want you to know this information.,1
110,VIRAL: Scientists reveal moon landing was staged #137,"Despite attempts to suppress this information, brave insiders are speaking out about the real agenda.",1
474,Federal Reserve raises interest rates by 25 basis points #293,Officials confirmed the decision following a meeting of the relevant committee. The measure is expected to take effect next quarter.,0
350,Agriculture ministry reports record wheat production #254,Data released by the relevant authority shows a consistent trend over the past five years.,0
324,EXPOSED: Mainstream media lies about economy #65,Multiple sources confirm this explosive revelation that changes everything we thought we knew.,1
30,University researchers develop new battery technology #475,Data released by the relevant authority shows a consistent trend over the past five years.,0
118,SHOCKING: Government hiding cure for cancer from public #117,An anonymous whistleblower has come forward with documents proving the shocking truth behind this story.,1
16,Agriculture ministry reports record wheat production #495,Officials confirmed the decision following a meeting of the relevant committee. The measure is expected to take effect next quarter.,0
126,Parliament passes new infrastructure spending bill #417,Data released by the relevant authority shows a consistent trend over the past five years.,0
411,ALERT: Banks planning to steal your savings this weekend #43,"Despite attempts to suppress this information, brave insiders are speaking out about the real agenda.",1
455,EXPOSED: Mainstream media lies about economy #174,An anonymous whistleblower has come forward with documents proving the shocking truth behind this story.,1
234,University researchers develop new battery technology #360,The announcement follows months of deliberation among experts and stakeholders in the field.,0
430,Central bank governor speaks at annual economic summit #366,"The report, published in a peer-reviewed journal, outlines the methodology and findings from a three-year study.",0
92,Parliament passes new infrastructure spending bill #362,"A spokesperson issued a statement clarifying the policy position, adding that further details would be released in due course.",0
187,VIRAL: Scientists reveal moon landing was staged #67,The mainstream media refuses to cover this story. Share before it gets deleted.,1
111,Federal Reserve raises interest rates by 25 basis points #423,"The report, published in a peer-reviewed journal, outlines the methodology and findings from a three-year study.",0
199,Finance minister presents annual budget to legislature #367,Data released by the relevant authority shows a consistent trend over the past five years.,0
338,VIRAL: Scientists reveal moon landing was staged #221,An anonymous whistleblower has come forward with documents proving the shocking truth behind this story.,1
137,EXCLUSIVE: World leaders caught in underground conspiracy #24,The mainstream media refuses to cover this story. Share before it gets deleted.,1
238,UNBELIEVABLE: Secret vaccine ingredients finally revealed #150,Sources close to the matter confirm what many have suspected for years. The establishment does not want you to know this information.,1
475,Scientists publish findings on deep-sea biodiversity #413,Officials confirmed the decision following a meeting of the relevant committee. The measure is expected to take effect next quarter.,0
486,Agriculture ministry reports record wheat production #458,"A spokesperson issued a statement clarifying the policy position, adding that further details would be released in due course.",0
462,EXCLUSIVE: World leaders caught in underground conspiracy #48,Sources close to the matter confirm what many have suspected for years. The establishment does not want you to know this information.,1
342,University researchers develop new battery technology #484,"The report, published in a peer-reviewed journal, outlines the methodology and findings from a three-year study.",0
158,Health ministry confirms decline in seasonal flu cases #405,Officials confirmed the decision following a meeting of the relevant committee. The measure is expected to take effect next quarter.,0
285,Parliament passes new infrastructure spending bill #420,The announcement follows months of deliberation among experts and stakeholders in the field.,0
358,EXPOSED: Mainstream media lies about economy #213,The mainstream media refuses to cover this story. Share before it gets deleted.,1
72,Parliament passes new infrastructure spending bill #277,"A spokesperson issued a statement clarifying the policy position, adding that further details would be released in due course.",0
152,UNBELIEVABLE: Secret vaccine ingredients finally revealed #45,An anonymous whistleblower has come forward with documents proving the shocking truth behind this story.,1
298,Scientists publish findings on deep-sea biodiversity #487,The announcement follows months of deliberation among experts and stakeholders in the field.,0
50,BOMBSHELL: Election rigged by foreign powers confirmed #72,The mainstream media refuses to cover this story. Share before it gets deleted.,1
83,WARNING: New law will ban free speech next month #172,An anonymous whistleblower has come forward with documents proving the shocking truth behind this story.,1
48,Health ministry confirms decline in seasonal flu cases #415,"The report, published in a peer-reviewed journal, outlines the methodology and findings from a three-year study.",0
194,REVEALED: Climate change data manipulated by globalists #109,Sources close to the matter confirm what many have suspected for years. The establishment does not want you to know this information.,1
399,EXPOSED: Mainstream media lies about economy #207,An anonymous whistleblower has come forward with documents proving the shocking truth behind this story.,1
44,REVEALED: Climate change data manipulated by globalists #33,Multiple sources confirm this explosive revelation that changes everything we thought we knew.,1
82,WHO releases updated guidelines on respiratory infections #477,"A spokesperson issued a statement clarifying the policy position, adding that further details would be released in due course.",0
436,University researchers develop new battery technology #264,"The report, published in a peer-reviewed journal, outlines the methodology and findings from a three-year study.",0
233,WARNING: New law will ban free speech next month #6,Multiple sources confirm this explosive revelation that changes everything we thought we knew.,1
383,Finance minister presents annual budget to legislature #326,"The report, published in a peer-reviewed journal, outlines the methodology and findings from a three-year study.",0
227,Health ministry confirms decline in seasonal flu cases #439,"The report, published in a peer-reviewed journal, outlines the methodology and findings from a three-year study.",0
58,EXCLUSIVE: World leaders caught in underground conspiracy #204,An anonymous whistleblower has come forward with documents proving the shocking truth behind this story.,1
293,Central bank governor speaks at annual economic summit #340,"The report, published in a peer-reviewed journal, outlines the methodology and findings from a three-year study.",0
260,Supreme Court rules on landmark privacy case #287,"The report, published in a peer-reviewed journal, outlines the methodology and findings from a three-year study.",0
457,BOMBSHELL: Election rigged by foreign powers confirmed #189,An anonymous whistleblower has come forward with documents proving the shocking truth behind this story.,1
295,WARNING: New law will ban free speech next month #179,Multiple sources confirm this explosive revelation that changes everything we thought we knew.,1
94,University researchers develop new battery technology #431,"The report, published in a peer-reviewed journal, outlines the methodology and findings from a three-year study.",0
165,Supreme Court rules on landmark privacy case #471,Data released by the relevant authority shows a consistent trend over the past five years.,0
289,Scientists publish findings on deep-sea biodiversity #291,Officials confirmed the decision following a meeting of the relevant committee. The measure is expected to take effect next quarter.,0
377,BREAKING: Celebrities caught in massive fraud scheme #138,Multiple sources confirm this explosive revelation that changes everything we thought we knew.,1
90,Agriculture ministry reports record wheat production #381,"The report, published in a peer-reviewed journal, outlines the methodology and findings from a three-year study.",0
329,University researchers develop new battery technology #383,"A spokesperson issued a statement clarifying the policy position, adding that further details would be released in due course.",0
87,University researchers develop new battery technology #414,"A spokesperson issued a statement clarifying the policy position, adding that further details would be released in due course.",0
134,SHOCKING: Government hiding cure for cancer from public #140,Multiple sources confirm this explosive revelation that changes everything we thought we knew.,1
168,Health ministry confirms decline in seasonal flu cases #453,Officials confirmed the decision following a meeting of the relevant committee. The measure is expected to take effect next quarter.,0
270,BOMBSHELL: Election rigged by foreign powers confirmed #183,"Despite attempts to suppress this information, brave insiders are speaking out about the real agenda.",1
368,EXPOSED: Mainstream media lies about economy #200,Multiple sources confirm this explosive revelation that changes everything we thought we knew.,1
1,REVEALED: Climate change data manipulated by globalists #73,Sources close to the matter confirm what many have suspected for years. The establishment does not want you to know this information.,1
370,BREAKING: Celebrities caught in massive fraud scheme #27,The mainstream media refuses to cover this story. Share before it gets deleted.,1
305,BOMBSHELL: Election rigged by foreign powers confirmed #197,"Despite attempts to suppress this information, brave insiders are speaking out about the real agenda.",1
449,Health ministry confirms decline in seasonal flu cases #319,"A spokesperson issued a statement clarifying the policy position, adding that further details would be released in due course.",0
112,WHO releases updated guidelines on respiratory infections #335,The announcement follows months of deliberation among experts and stakeholders in the field.,0
201,EXPOSED: Mainstream media lies about economy #83,Sources close to the matter confirm what many have suspected for years. The establishment does not want you to know this information.,1
43,BOMBSHELL: Election rigged by foreign powers confirmed #185,An anonymous whistleblower has come forward with documents proving the shocking truth behind this story.,1
441,Supreme Court rules on landmark privacy case #387,"A spokesperson issued a statement clarifying the policy position, adding that further details would be released in due course.",0
454,Agriculture ministry reports record wheat production #456,"A spokesperson issued a statement clarifying the policy position, adding that further details would be released in due course.",0
